Tag,Count
python,345
r,188
javascript,159
pandas,131
python-3.x,95
web-scraping,90
json,79
html,69
reactjs,65
beautifulsoup,60
dataframe,49
api,44
android,42
ggplot2,42
node.js,42
java,33
flutter,30
selenium,27
csv,26
matplotlib,25
css,21
shiny,21
heroku,20
dart,19
data-visualization,19
php,19
sql,19
django,18
excel,18
jquery,16
plot,16
plotly,16
python-requests,16
arrays,15
d3.js,15
google-sheets,15
ios,15
bokeh,14
time-series,14
vue.js,14
axios,13
github,13
mysql,13
selenium-webdriver,13
swift,13
twitter,13
angular,12
choropleth,12
chart.js,11
charts,11
database,11
flask,11
graph,11
google-apps-script,10
jupyter-notebook,10
parsing,10
shinyapps,10
statistics,10
tweepy,10
android-studio,9
c#,9
data-science,9
date,9
dictionary,9
dplyr,9
express,9
plotly-dash,9
string,9
tkinter,9
gganimate,8
git,8
keras,8
list,8
machine-learning,8
numpy,8
regex,8
typescript,8
vba,8
wordpress,8
xml,8
nlp,7
pandas-groupby,7
rvest,7
sql-server,7
tensorflow,7
tidyverse,7
url,7
datatables,6
docker,6
fetch,6
geopandas,6
google-maps,6
leaflet,6
mongodb,6
powerbi,6
react-native,6
selenium-chromedriver,6
shinydashboard,6
swiftui,6
visualization,6
xpath,6
android-volley,5
animation,5
dataset,5
discord.js,5
folium,5
for-loop,5
google-bigquery,5
laravel,5
pandas-bokeh,5
predictive-modeling,5
puppeteer,5
sqlite,5
tableau,5
xcode,5
ajax,4
c,4
datetime,4
excel-formula,4
firebase,4
gnuplot,4
google-visualization,4
if-statement,4
jupyter,4
mobile,4
npm,4
papaparse,4
pdf,4
prediction,4
rest,4
rtweet,4
ruby,4
ruby-on-rails,4
scikit-learn,4
scrapy,4
screen-scraping,4
seaborn,4
spring,4
spring-boot,4
spyder,4
web,4
web-crawler,4
altair,3
android-layout,3
android-recyclerview,3
automation,3
azure,3
bar-chart,3
bokehjs,3
conv-neural-network,3
data-analysis,3
deployment,3
django-models,3
download,3
elasticsearch,3
excel-2016,3
function,3
geojson,3
github-pages,3
google-cloud-functions,3
google-sheets-api,3
graphql,3
heatmap,3
iframe,3
iteration,3
kotlin,3
loops,3
mapping,3
math,3
nginx,3
nltk,3
object,3
optimization,3
oracle,3
performance,3
postgresql,3
pycharm,3
python-3.7,3
r-plotly,3
raspberry-pi,3
react-hooks,3
react-redux,3
reactive-programming,3
redux,3
request,3
retrofit,3
rstudio,3
rx-java,3
sorting,3
spring-webflux,3
tableau-public,3
tsql,3
webpack,3
amazon-dynamodb,2
amazon-web-services,2
amcharts,2
anaconda,2
analysis,2
android-fragments,2
applescript,2
apply,2
asp.net-core,2
async-await,2
aws-lambda,2
axis-labels,2
bluetooth,2
bluetooth-lowenergy,2
bootstrap-4,2
c3ai-datalake,2
caching,2
callback,2
cnn,2
colors,2
console,2
cron,2
css-animations,2
css-selectors,2
curve-fitting,2
data-mining,2
dax,2
dc.js,2
debugging,2
docker-registry,2
drop-down-menu,2
ecmascript-6,2
f#-data,2
facebook-prophet,2
finance,2
flask-restplus,2
flexdashboard,2
flutter-web,2
forecasting,2
formula,2
geospatial,2
gis,2
google-chrome,2
google-chrome-extension,2
google-classroom,2
google-cloud-platform,2
google-data-studio,2
google-sheets-formula,2
google-sheets-importxml,2
highcharts,2
html-parsing,2
http,2
httr,2
hyphen,2
ibm-watson,2
import,2
iphone,2
jsoup,2
kaniko,2
kepler.gl,2
kivy,2
knitr,2
kubernetes,2
label,2
left-join,2
linux,2
lstm,2
maps,2
matlab,2
merge,2
module,2
mongoose,2
moving-average,2
nebula,2
node-modules,2
ocr,2
octave,2
ode,2
openstreetmap,2
p5.js,2
pivot,2
pivot-table,2
powerquery,2
project-reactor,2
proxy,2
pug,2
python-newspaper,2
react-leaflet,2
react-router,2
react-router-dom,2
read.csv,2
readr,2
refresh,2
retrofit2,2
safari,2
scatter-plot,2
scipy,2
scrape,2
serverless,2
serverless-framework,2
sf,2
skaffold,2
slack,2
spacy,2
ssl,2
subquery,2
subset,2
svg,2
text,2
textscan,2
time,2
topojson,2
ttk,2
tweets,2
twitter-streaming-api,2
twitterapi-python,2
url-rewriting,2
urllib,2
use-effect,2
usmap,2
vectorization,2
visual-studio-code,2
watson-assistant,2
webdriver,2
whatsapp,2
wikipedia,2
wikipedia-api,2
window-functions,2
xgboost,2
xlsx,2
xml-parsing,2
yaml,2
.htaccess,1
activerecord,1
adapter,1
aesthetics,1
agent-based-modeling,1
aggregate,1
amazon-dynamodb-local,1
amazon-ec2,1
amazon-s3,1
amcharts4,1
analytics,1
android-activity,1
android-asynctask,1
android-listview,1
android-notifications,1
android-permissions,1
android-webview,1
android-workmanager,1
android-xml,1
angular-cli,1
angular-module,1
angular-services,1
angular2-template,1
angularjs,1
any,1
apache,1
apache-poi,1
apollo,1
append,1
apple-watch,1
arcgis,1
arcgis-js-api,1
arduino,1
arduino-ide,1
arima,1
artificial-intelligence,1
asp.net,1
asp.net-core-webapi,1
asp.net-mvc,1
asp.net-web-api,1
attributeerror,1
attributes,1
authentication,1
aws-amplify,1
aws-api-gateway,1
aws-sdk-nodejs,1
azure-bot-service,1
azure-data-factory-2,1
azure-sql-database,1
base64,1
bash,1
bbedit,1
beacon,1
beagleboneblack,1
binding,1
binning,1
bixby,1
blob,1
botframework,1
bots,1
bqplot,1
bufferedimage,1
build.gradle,1
bulk,1
bulkinsert,1
c++,1
c++17,1
c3.js,1
cakephp,1
calculated-columns,1
canvas,1
capacitor,1
cassandra,1
cassandra-3.0,1
celery,1
cell,1
channel,1
chartkick,1
chatbot,1
cheerio,1
chromium,1
clustering,1
coalesce,1
codable,1
codec,1
columnsorting,1
compass-sass,1
compiler-errors,1
concatenation,1
conda,1
conditional-statements,1
confidence-interval,1
core,1
correlation,1
cpanel,1
crash,1
create-react-app,1
create-table,1
css-transforms,1
cumulative-sum,1
curl,1
cypher,1
dashboard,1
data-augmentation,1
data-cleaning,1
data-fitting,1
data-formats,1
data-manipulation,1
data-modeling,1
data-science-model,1
data.table,1
database-design,1
datamaps,1
datatable,1
date-format,1
datediff,1
ddos,1
decimal,1
decode,1
deep-learning,1
dependency-injection,1
df,1
dialogflow,1
dialogflow-fulfillment,1
differential-equations,1
direction,1
disconnected,1
discord,1
dispatch,1
displayobject,1
distance,1
division,1
django-forms,1
django-queryset,1
django-rest-framework,1
django-templates,1
django-views,1
do-while,1
docker-compose,1
docx,1
dom,1
drupal-7,1
dry,1
dsl,1
dt,1
dtype,1
dynamic-programming,1
elasticsearch-dsl,1
electronics,1
embed,1
emoji,1
empty-list,1
encoding,1
encryption,1
endpoint,1
es6-promise,1
eslint,1
esp8266,1
esri,1
esri-arc-engine,1
europepmc,1
event-handling,1
excel-vba,1
exception,1
expo,1
exponential,1
export,1
f#,1
f#-interactive,1
facebook,1
facebook-graph-api,1
facebook-javascript-sdk,1
facebook-opengraph,1
facebook-workplace,1
faunadb,1
feature-selection,1
ffmpeg,1
file-manipulation,1
file-not-found,1
file-read,1
filepath,1
filter,1
firebase-hosting,1
firefox,1
firephp,1
fixed-header-tables,1
flask-mail,1
flipbookr,1
flutter-dependencies,1
flutter-ios,1
foreach,1
forecast,1
formatting,1
forms,1
fragment,1
frontend,1
fsharp.data.typeproviders,1
gam,1
gatsby,1
gdal,1
gdprconsentform,1
geany,1
geckodriver,1
geocode,1
geom-col,1
geom-text,1
geoserver,1
get,1
ggmap,1
ggplotly,1
ggrepel,1
git-clone,1
git-lfs,1
github-actions,1
github-api,1
go,1
google-analytics,1
google-apps-script-editor,1
google-apps-script-simple-triggers,1
google-chrome-headless,1
google-cloud-build,1
google-cloud-firestore,1
google-developers-console,1
google-docs,1
google-form,1
google-geocoder,1
google-maps-api-3,1
google-play,1
google-play-console,1
google-play-review,1
google-search,1
google-sites-2016,1
google-translate,1
google-trends,1
gradient-descent,1
gradle,1
graphing,1
greatest-n-per-group,1
grep,1
groovy,1
group-by,1
grouping,1
gson,1
gunicorn,1
h2,1
headless-browser,1
healthkit,1
hibernate,1
histogram,1
hololens,1
hot-reload,1
hover,1
html-agility-pack,1
html-table,1
http-redirect,1
http-status-code-503,1
httprequest,1
hybrid-mobile-app,1
ibeacon,1
ibeacon-android,1
ibm-cloud-functions,1
if-case,1
iis,1
image,1
image-classification,1
imputation,1
inclusion,1
indexing,1
infinite-loop,1
inflection,1
influxdb,1
influxql,1
insert,1
inspect,1
installation,1
instance,1
integer,1
interactive,1
internet-explorer,1
interpolation,1
ionic-framework,1
ionic5,1
ipywidgets,1
isin,1
iterable,1
iterator,1
jackson,1
jackson-databind,1
javafx,1
javax.imageio,1
jekyll,1
join,1
jsondecoder,1
julia,1
kaggle,1
kepler,1
kettle,1
kml,1
knime,1
lapply,1
laravel-collection,1
legend,1
legend-properties,1
lexical-analysis,1
linear-regression,1
linechart,1
linkerd,1
linq-to-twitter,1
liquid,1
listview,1
live,1
local-storage,1
localhost,1
location,1
logarithm,1
logging,1
lxml,1
m,1
macos,1
mailchimp,1
mapbox,1
material-table,1
material-ui,1
mathematical-optimization,1
mdbreact,1
measure,1
median,1
mediawiki,1
mediawiki-api,1
medical,1
melt,1
menu,1
mesa,1
meta,1
microsoft-teams,1
missing-data,1
mixed-models,1
model,1
mongodb-query,1
mongoose-schema,1
mpandroidchart,1
mrtk,1
ms-access,1
mse,1
multi-index,1
multithreading,1
mutate,1
mutation,1
mute,1
mysql-python,1
n-gram,1
naivebayes,1
nanoexpress,1
native,1
nav,1
navigation,1
navigationlink,1
neo4j,1
neo4j-graphql-js,1
nested-object,1
network-analysis,1
networking,1
networkx,1
neural-network,1
nevergrad,1
next,1
next.js,1
nginx-reverse-proxy,1
nlme,1
nokogiri,1
nonlinear-optimization,1
normalization,1
nsattributedstring,1
nullreferenceexception,1
numeric,1
oculusquest,1
odeint,1
onclicklistener,1
opencv,1
openmaptiles,1
openwhisk,1
oracle-livesql,1
oracle11g,1
orange,1
oserror,1
osgeo,1
output,1
package,1
package.json,1
parallax,1
path,1
pdf-parsing,1
pearson-correlation,1
pentaho,1
pie-chart,1
pkix,1
plotly-python,1
plotly.js,1
plural,1
popup,1
position,1
postgis,1
postgresql-12,1
postman,1
powerbi-datasource,1
powerbi-desktop,1
praw,1
predict,1
probability,1
processing,1
progressive-web-apps,1
promise,1
protractor,1
pycurl,1
pygithub,1
pylint,1
pymongo,1
pymupdf,1
pymysql,1
pypdf2,1
pyqt5,1
python-2.7,1
python-3.6,1
python-telegram-bot,1
python-tesseract,1
pythonanywhere,1
pythonista,1
qgis,1
qliksense,1
qr-code,1
quantile,1
query-optimization,1
querydsl,1
r-markdown,1
r-package,1
radio-button,1
random,1
rbind,1
rdbms,1
react-bootstrap,1
real-time,1
recycler-adapter,1
redirect,1
redux-saga,1
regex-lookarounds,1
regression,1
relational-database,1
rendering,1
replace,1
reporting-services,1
request-promise,1
resnet,1
responsive,1
responsive-design,1
rgdal,1
risk-analysis,1
rolling-computation,1
rotation,1
routing,1
row,1
rows,1
rss,1
rstan,1
runtime-permissions,1
rust,1
rx-java2,1
sampling,1
sass,1
save,1
scala,1
scale,1
schedule,1
schema,1
scroll,1
search,1
searchview,1
selectinput,1
self-study,1
sentiment-analysis,1
serialization,1
server,1
setuptools,1
shared,1
shell,1
shiny-reactivity,1
shiny-server,1
signals,1
simulation,1
singular,1
sites,1
slack-api,1
slack-commands,1
slider,1
snowflake-cloud-data-platform,1
social-network-analysis,1
solr,1
solr4,1
sparql,1
sphinx,1
sphinxql,1
spi,1
split,1
spring-annotations,1
sql-insert,1
sql-like,1
sql-loader,1
sqlalchemy,1
sqlplus,1
stack,1
stacked-chart,1
stata,1
statsmodels,1
stock,1
stored-procedures,1
str-to-date,1
string-concatenation,1
survey,1
switch-statement,1
syndication-feed,1
tabitem,1
tableau-online,1
tableview,1
tabula,1
tabulate,1
tcl,1
telegram,1
tensorflow-probability,1
tensorflow2.0,1
teradata,1
terminal,1
testing,1
text-files,1
text-mining,1
textblob,1
textview,1
thunk,1
thymeleaf,1
tibble,1
tidyr,1
tidytext,1
timeserieschart,1
tkinter-canvas,1
tmap,1
tooltip,1
translation,1
travis-ci,1
ttkwidgets,1
twilio,1
twitter-bootstrap,1
twitter-oauth,1
twitter-search,1
type-conversion,1
type-providers,1
typeahead,1
uipickerview,1
uitableview,1
undefined,1
unicode,1
unirest,1
unit-testing,1
unity3d,1
unnest,1
updates,1
url-routing,1
use-state,1
user-controls,1
user-interface,1
utf-8,1
uwsgi,1
vaadin-flow,1
variable-assignment,1
variables,1
vb.net,1
vctrs,1
vega-lite,1
video-streaming,1
virtual-reality,1
vispy,1
vue-chartjs,1
vue-component,1
vue-router,1
vuejs2,1
vuetify.js,1
vuex,1
watch,1
web-applications,1
web-deployment,1
web-scraping-language,1
webdriverwait,1
webscarab,1
webview,1
weighted-average,1
wget,1
where-clause,1
width,1
wifi,1
wikidata,1
window,1
with-statement,1
wixcode,1
word,1
wordcloud2,1
wordnet,1
wordpress-theming,1
worksheet-function,1
x509certificate,1
xaringan,1
xhtml,1
xlsm,1
xml2,1
xsd,1
xsd-validation,1
xslt,1
yandex,1
yarnpkg,1
yaxis,1
youtube,1
youtube-livestreaming-api,1